1007.6703154428619,1348.9368643187258,883.2405801046573,65.66446761014349,261046089.4543975,20486513033.2,0
1033.089408811633,1203.0846812625527,882.3911070905742,64.58344069984685,274289855.3373183,21691365196.6,0
1037.1081887793039,1203.0846812625527,882.3911070905742,69.1773027492104,276576996.9788785,22276454975.3,0
1057.8285897589703,1238.1084172067947,907.2801284061194,70.1389942573902,287723725.7796839,22755765175.9,0
1082.5952634506332,1250.4541114654858,958.7988750519107,64.11149257930109,301087433.7091819,24466853756.3,0
1098.525704423736,1328.568693718576,987.3162762304728,67.71642833302937,310104124.914137,24842855812.7,0
1075.2026251460918,1328.568693718576,913.6006121934646,76.1354550975354,297435466.9168527,23642577626.2,0
1050.9404600406556,1191.5435947492467,913.6006121934646,60.871753262274275,283694392.54929614,22387913579.9,0
1081.1529744891534,1238.9714870858566,950.2685080571639,58.02455001658011,300098202.2787509,24029429678.2,0
1096.613096829463,1238.9714870858566,990.1632363513057,53.348825599057236,308584033.6206603,24591662244.3,0
1102.3857416414387,1262.1796615304218,990.1632363513057,55.139804678718704,311883448.6871941,24928639652.3,0
1117.3564238085755,1262.1796615304218,993.3054367384417,59.70212567915559,320524728.739046,25702309766.0,0
1131.2911687830597,1307.36398661563,993.3054367384417,66.60577984460768,328769545.84966385,25885823343.4,0
1131.2106750057583,1307.36398661563,1005.8361272648092,66.41501170154733,328716427.5267328,26607807156.5,0
1135.568427167153,1349.8100593773004,1005.8361272648092,69.52463529061838,331353427.88894093,25877642385.5,0
1154.8979685501722,1349.8100593773004,1011.8141239068111,72.4289208494434,342793028.18220276,27724906210.6,0
1158.6207724133387,1353.6255525356796,1011.8141239068111,71.27345502500877,344955391.9126743,27475141283.4,0
1170.7549816645817,1353.6255525356796,1014.5180199653805,74.81295406869023,352323636.5283632,28506668384.0,0
1175.3895786180956,1343.229856454374,989.7680943973592,75.65497585024184,355139670.24510086,28581636894.9,0
1168.0249004282036,1334.4059534331693,989.7680943973592,73.74163998372943,350648319.35687816,27462662995.1,0
1182.4295812525747,1357.6630946952769,1035.293383865074,71.44430644482667,359230464.90739757,29030872057.5,0
1176.6061805904997,1357.6630946952769,1027.5220414245482,74.06574545664986,355811286.7465762,28446930808.0,0
1152.9661954776006,1347.602025466666,1013.5356146321767,72.49466982055763,341654150.4170201,27609034717.4,0
1152.078291241075,1335.2381154622703,1009.391383792729,74.55172355302182,341207641.25022256,27319480434.8,0
1149.6945210867066,1376.8870636718716,1009.391383792729,78.5521274005598,339959789.705202,26882750805.9,0
1148.657618743357,1376.8870636718716,1024.722914737165,72.71547701943918,339123677.6180029,26856857219.4,0
1135.648138608391,1320.1182774918486,981.7089955497795,71.43108040764942,331468568.05706424,27211052294.9,0
1121.2132914828508,1304.9022035651542,981.4573060978591,69.69019827420428,323065847.9957262,25056547598.3,0
1130.1064832333632,1304.9022035651542,981.4573060978591,71.8143581144293,328268279.16223156,26387756517.5,0
1137.7513025869061,1311.7838444471988,989.7583024177975,75.36434145011916,332840399.4881054,27018113778.6,0
1149.824079393896,1332.4000562100737,989.7583024177975,75.16355500468296,339902713.23007035,26485496618.8,0
1171.0268372958808,1372.827955029716,1021.3657517378535,72.42784328016158,352396709.4142487,28723651315.7,0
1175.852625862256,1372.827955029716,1019.2415777656922,70.42033269532062,355222635.777045,28236051319.6,0
1175.4290105685532,1347.824460815086,1019.2415777656922,70.26046687124548,354961892.3753301,28601156771.1,0
1180.92370958542,1347.824460815086,1052.531619096079,67.5821580696044,358181927.92328566,28279578378.8,0
1176.650961804537,1335.9633395507683,1050.8312345605204,65.2533028437547,355523962.7385756,28478608430.1,0
1168.3103055851898,1326.6961685376857,1050.8312345605204,64.28735986194503,350484949.7022922,28267085663.9,0
1173.4198709817224,1347.1311372706684,1046.63128742645,66.66140143682284,353627631.6304085,28018256169.9,0
1178.5025911352777,1389.9720401221289,1045.0580261715625,69.81518434986344,356798084.4232626,28940519618.2,0
1162.8065783459558,1389.9720401221289,1029.4771492860052,72.45610939195326,347486470.76680917,27734377927.4,0
1167.598542150894,1341.8041366607372,1029.4771492860052,70.69234454578397,350280643.3818299,27609391956.3,0
1170.68337317571,1348.882667074275,1029.4735743214349,68.90996466875306,352063524.72594106,28465069892.8,0
1159.567002537822,1348.882667074275,1023.6327477013941,70.83285854787452,345500909.3695008,27675763517.7,0
1167.8506171728247,1361.394124421162,1023.6327477013941,73.65587624201925,350540864.5467974,27653671145.3,0
1188.7735463287577,1362.8081316128403,1035.256299466464,71.02683023752697,363066202.89654833,29152443934.1,0
1203.3077105016819,1365.7197769767167,1076.8788144925325,68.86874935572128,371889241.8023989,29502217864.9,0
1216.1470684139927,1407.8275936183995,1076.8788144925325,71.7905546935245,379946899.393319,30174693324.6,0
1211.1288619022298,1407.8275936183995,1053.3592328349707,74.21743524712096,376919385.04377633,30945788724.7,0
1195.5513858280701,1399.6386961971943,1053.3592328349707,77.88998726898748,367464951.3656786,28433708887.7,0
1205.4818637022931,1399.6386961971943,1054.5730285243671,72.50050734452526,373361368.903774,30257113134.8,0
1223.2960217116656,1373.268923372631,1077.1905820368718,61.867474785700246,384071869.7400184,30081469448.3,0
1243.1342963513957,1378.5518689372761,1100.9274498913765,62.58639930756576,396620783.6527017,32117903607.3,0
1257.3332915861947,1405.791139151061,1127.1848516492762,62.02933261844425,405692068.9244327,32620723537.5,0
1258.5435367052514,1405.791139151061,1136.2025708332249,64.49267843620535,406551331.6747362,32328636910.1,0
1254.6888501678068,1407.1174933880234,1117.003537337561,68.24578790759338,404198809.16545063,32356469164.9,0
1252.4368323353103,1415.4199291741077,1108.0835839230695,73.11919851012301,402929775.6623025,32152126913.2,0
1253.0559802012904,1415.4199291741077,1108.0835839230695,71.9172544179011,403282273.5363139,32073757908.0,0
1250.9657058289574,1395.352051240546,1117.2931172763153,68.79953414818647,401830034.70314217,32123144520.6,0
1247.1121249041707,1393.3438241483127,1119.1465408678039,70.49628369289748,399426144.79296124,32030282089.6,0
1236.5099721630477,1393.3438241483127,1118.9489996894658,63.715804006279924,392452253.4243399,31261942050.1,0
1237.7887636629807,1418.0712748223766,1118.024248321287,59.1148343458513,393117590.2950573,31689678498.6,0
1250.0444152743485,1418.0712748223766,1108.0619765286754,64.69553008195994,401099917.25342035,31913796421.5,0
1253.4744804697139,1390.6721574039777,1108.0619765286754,65.79791363452804,403335075.4886338,32276585645.5,0
1255.8193130705442,1421.1643500437222,1124.0966233105923,65.61510613886908,404835197.2440547,32436288467.2,0
1244.350348282233,1421.1643500437222,1124.0966233105923,56.0842175899016,397197626.55559325,31849874503.1,0
1209.54812307274,1383.598354459085,1026.384884322515,65.46244377220494,375626750.354795,30459843948.8,0
1165.3217852350667,1383.598354459085,1011.4525004808435,75.50313274759044,349100950.0667246,27224710096.1,0
1132.4413273441928,1293.4296020671081,805.8734526755019,83.92692916492904,330103574.8649298,27001365508.7,0
961.4566819550353,1292.0106276612328,634.1947876038778,181.0240435003159,245035175.8339047,18935436214.9,0
799.103136848905,949.5984240851976,634.1947876038778,71.97237210918026,164798936.49120823,12908432321.4,0
810.400705489484,977.3969880043371,652.6605994230842,73.6790472055522,169517543.79647264,13156227647.9,0
831.517284964559,984.4300567376337,663.7525042612792,72.52649709968044,178350358.52195367,14627126268.0,0
830.2747662332356,1007.8680691639665,649.8858954264584,79.25388817403108,178083165.7559951,14171905867.8,0
820.9834169299756,1007.8680691639665,649.8858954264584,79.93676944656187,174183336.4437942,13815543897.0,0
824.4534621867908,986.6470324809612,680.5468888609632,75.10012529764495,175453066.27366608,14088618241.7,0
818.8274680558674,978.705133533423,664.9010515192505,69.33713979578611,172873231.7178478,13818926648.9,0
787.7353888704554,957.0225746281743,607.2850079612867,70.1203877884609,160113641.38559785,12623357965.4,0
784.0426136344174,967.4879920281164,607.2850079612867,74.8251318645317,158802334.81042767,12727827288.3,0
798.3270548681855,967.4879920281164,640.6489311358052,77.87021009830151,164707803.1757477,13067197687.0,0
806.0244670511986,1002.8887342165854,640.6489311358052,79.13098104840056,167919911.33359385,13609245207.4,0
810.6472532743958,1002.8887342165854,611.2093986089324,80.62800818780185,169894360.30608755,13365863352.8,0
813.0267087952901,995.2296550671075,611.2093986089324,82.92641568628532,170979640.22606742,13615500472.7,0
831.5010035910249,993.8420465905092,651.3849948911245,75.81590225985649,178468344.32213953,14211964709.4,0
828.8315284311798,993.8420465905092,654.6731440825574,73.21625147168682,177234514.43228948,14305597434.8,0
819.2957138576447,1002.0367409096347,654.6731440825574,78.46146744940891,173414827.1666745,13507705678.2,0
823.5047902492045,1002.0367409096347,662.3934520547897,77.77326817484762,175157458.1263317,14268504406.0,0
820.849530289167,979.7233100104874,651.9590625007864,76.70602728040413,173997508.0952546,13736653850.0,0
823.3664997830294,1004.7107982796055,651.9590625007864,78.08487053933635,175111587.8328582,13723987288.6,0
839.2581017545637,1012.1484190871812,681.9957275534332,77.2521127029619,181842444.87110263,14433318100.8,0
838.9362080910854,1012.1484190871812,662.4339030400548,78.68558906016351,181761378.0920304,14693095490.3,0
824.655250238258,989.2037276005891,662.4339030400548,78.5752834477487,175674971.37009102,13923881251.6,0
822.4205683690025,984.1818624306201,658.7403600869975,76.48242023010243,174649638.88144568,14159491353.5,0
825.2015080860485,1006.0783264143556,649.4019463369755,80.25079812806314,175973816.2042061,14033340970.8,0
825.5377578877674,1022.8559584823845,648.8092818967056,83.2788561478679,176242677.14039278,14063532985.2,0
827.1747614445467,1022.8559584823845,648.8092818967056,81.0130594610911,176839987.65416682,13858230175.4,0
832.1686003769951,1029.1481285086147,651.3089752008722,81.47371755343234,178980491.80297816,14438836743.0,0
826.7514351575778,1029.1481285086147,668.8719144211408,79.10114640867944,176582381.28596014,13866904480.3,0
818.0896463440434,975.3965645939736,659.7175618267496,74.12029008459767,172739708.63553202,14031294048.4,0
812.2514569483243,966.1551502360013,659.7175618267496,74.33480383367943,170311191.6481708,13458062201.3,0
807.9187799134396,995.7337966740349,653.3155232763361,77.07852347586717,168620506.55181843,13541163696.4,0
819.945163276395,995.7337966740349,653.3155232763361,76.52102573479334,173610377.76892388,13672977188.3,0
826.3443787185581,981.3779521823756,683.3402966834785,72.25600441359161,176144886.37787563,14083165512.5,0
830.7489407265248,978.7287356705749,657.9488267141897,70.78377114244749,177959461.06249964,14206919450.6,0
843.5379347171638,992.8468547466673,657.9488267141897,67.64565611184467,183329838.6170112,14676633093.7,0
845.555931889938,994.2390662199512,688.2826644329868,69.94015496383925,184283253.5630406,14852047137.2,0
838.106934487147,1015.1676289411153,685.2850466429267,74.56596420747601,181243729.06333017,14387731912.4,0
835.4757923743848,1015.1676289411153,685.2850466429267,75.49042121185121,180151962.45461732,14362038250.3,0
844.1703709964643,1025.778570650597,690.2634969650718,79.45198996277931,184047675.89820257,14563275781.9,0
845.281092764557,1025.778570650597,678.6891220972382,82.33963586773253,184647665.00353906,14871553755.6,0
854.109595540074,1029.0391450975112,678.6891220972382,79.87625180932193,188386154.69996417,15154092887.7,0
862.9691177224533,1049.7457032378757,686.8690139044518,82.07060630820023,192371528.33599108,15011850604.7,0
857.9090203576827,1049.7457032378757,683.3174740244639,86.36245781547274,190327388.50073808,15142866893.5,0
861.3057264245795,1053.4352102562157,683.3174740244639,86.00676270685476,191806647.7063899,15528971216.9,0
863.1640437287591,1053.4352102562157,697.9897850099153,82.65619766895753,192482358.63021386,14990802710.6,0
861.1732893106881,1044.210851909501,689.3857038363183,84.80744885041936,191695804.8262929,15494537786.7,0
874.4287720302065,1070.0287825478872,689.3857038363183,85.1583728697603,197600672.21096444,15930470563.7,0
888.1109686743557,1070.0287825478872,694.5552223878383,77.44558676582477,203453161.36683655,16163546010.0,0
894.8244931385959,1068.8118552239519,694.5552223878383,77.7272379463486,206528613.64211538,16518645448.1,0
905.245252533264,1068.8118552239519,735.5362067283384,77.86030439697953,211335985.7241096,16963155283.6,0
891.8726940502015,1065.7506700735817,726.2189372546693,81.27176021821843,205322752.358741,16434720623.9,0
857.6159854324501,1040.3986183121888,647.1693172379797,82.97318853911747,190051770.4923188,15044028386.7,0
845.276459696688,1028.249262135278,647.1693172379797,79.34714276331202,184521795.1698094,14766057010.0,0
857.1485495804061,1045.573679681765,699.6978589353009,78.99313121293017,189681549.01161397,15097522089.5,0
865.2607659572495,1045.573679681765,699.6978589353009,82.07690621838638,193385679.7796628,15386903411.6,0
874.4426364157346,1040.7756427118516,712.0918174068245,82.62412912832812,197498027.80055428,15696608680.5,0
882.4469938103086,1040.7756427118516,722.3106836882109,77.67523214020767,200895011.47465888,16069803410.8,0
879.1853712300874,1037.8623046874015,734.6475694248925,75.74111700357807,199348130.25022367,15974322643.6,0
879.2413438755952,1060.4025244542108,724.8990536807345,76.0157079851877,199383994.53200692,15884510001.0,0
872.8138353668517,1060.4025244542108,694.6514892267489,77.83023745348822,196572553.48988414,15567166381.4,0
860.033738648051,1053.433949282903,688.6414802411883,78.99638880298352,190950006.03055522,14855851195.0,0
859.3784172943347,1041.2018133711747,688.6414802411883,80.50144248713073,190723007.06657904,15539703028.6,0
868.8478776496863,1053.4422609966882,722.8775645267311,82.20732622326807,194983597.81917262,15255237566.7,0
871.6881425101258,1053.4422609966882,723.6040595331251,81.32450919518632,196212196.75867936,15957454445.4,0
871.1069770947768,1096.0327792576506,715.482387159802,82.39695822660883,195997855.81265855,15494787190.8,0
870.0550803720885,1096.0327792576506,705.3086462992861,86.60434113875439,195711015.6250519,15519731710.2,0
865.883997772919,1084.639170083687,695.288252902571,86.43167529194913,193849736.21580428,15554029740.2,0
861.7860840803378,1046.1961410709318,695.288252902571,82.40912402648419,191863428.7199579,15333915283.5,0
868.6842723808791,1045.6057187691404,708.8758584989702,77.71027197922211,194726720.37196338,15566780243.9,0
884.842480322395,1065.9435366706339,736.3737113832293,75.37363022119571,201888614.17364728,16050978946.6,0
892.8565021400863,1076.1979129194103,736.3737113832293,75.37498580683386,205535775.20619783,16466343204.9,0
890.2231445451328,1076.1979129194103,724.484288613269,77.2137834862541,204405559.15368614,16322339157.1,0
882.4291701946665,1078.1419921439567,700.5454905184465,82.4724154852393,201083632.5699629,16102333426.7,0
881.0934470255283,1078.1419921439567,700.5454905184465,83.39604234755288,200519823.94126388,15849014052.0,0
888.4003785226075,1063.215634915113,708.720031447158,75.25193749362171,203499030.183848,16240566127.0,0
893.8637576822077,1063.215634915113,751.9095703075368,69.27982513602637,205770780.53597054,16442547420.9,0
906.5966503506313,1101.7356269536583,751.9095703075368,73.56590353257076,211796333.7189244,16809274676.6,0
914.1103923051958,1101.7356269536583,737.5238218851459,75.89471708310988,215387601.25478,17296171203.8,0
890.3201358086012,1083.5635876448378,737.5238218851459,77.91673040047579,204477686.04225188,16635581037.0,0
870.2010488680564,1065.3907150876273,726.8254532350564,74.61840915280905,195281349.74350372,14852500573.0,0
870.0205110332485,1041.7860822415805,726.8254532350564,76.77195931743249,195284383.579134,15879378006.5,0
869.056325770211,1715.2631520187083,728.0093345651612,101.67279637885379,195992641.250487,15210284582.6,0
1414.0113711280314,2186.7486906215504,731.1323849737098,558.4431792415832,591689457.1829306,44674199280.2,0
2012.031106579514,2187.7756638318924,1788.2661541630048,82.98783789160281,1038119975.7008657,85068631289.7,0
2019.5316398383002,2187.7756638318924,1871.7404506044495,66.09263015412682,1045216327.697578,82781942313.6,0
1981.7398112346118,2121.913886517434,1844.8335738853589,55.268381229290604,1006168901.9893508,80282773095.5,0
1979.0349618018395,2160.047999059091,1844.8335738853589,58.52788785985285,1003521252.7849839,80145992323.0,0
2004.4246810894012,2197.4658219528237,1854.8773588315785,70.32849411067382,1029802086.206521,82342506438.3,0
2058.165240532948,2226.3369105303327,1857.9837791576788,66.31618286619664,1085553150.322685,87370734954.0,0
2065.528087520396,2226.3369105303327,1952.9344501785042,54.15617204968856,1092950827.8545256,87433661505.2,0
2051.1781637022737,2187.9296156761175,1949.061235221335,52.56392759276124,1077784275.38765,86383660742.4,0
2042.342783777424,2187.9296156761175,1911.8635088564527,55.05447896876401,1068593930.7781734,85192686231.1,0
2038.9184671937062,2158.710739548512,1911.8635088564527,53.82287153475166,1064981866.8451273,85231661412.6,0
2052.2009320688067,2171.3681893616977,1928.9987705113085,54.71045103285489,1078917606.1532924,86131635968.2,0
2046.1971528950749,2177.815488225162,1899.5077092053675,61.63808898781927,1072824842.8876754,86406620419.6,0
2047.1668485620676,2227.5110645818863,1899.5077092053675,64.93791785485769,1073947913.9908795,84882177465.2,0
2106.29634058905,2315.367724342913,1943.2048359373753,80.13256839793695,1137383808.7415998,90688240098.7,0
2100.6737681445056,2315.367724342913,1907.3916406595552,81.9762014433173,1131404896.7100189,91464693969.2,0
2132.103406238436,2352.630760790618,1907.3916406595552,107.02693071260218,1166673842.8905733,91153309537.5,0
2212.968995809997,2381.5741442378444,2001.6422772010224,75.26182713308161,1255141406.4741673,104159457452.0,0
2186.1193420205673,2381.5741442378444,1992.5066828259164,69.13872698250836,1224677872.928051,96601249030.2,0
2147.6114701053775,2312.9916636740245,1992.5066828259164,59.39194896065862,1181635182.1131582,93206008810.3,0
2154.8685820452506,2313.6610678216052,1962.1501870089025,70.72467444313965,1190005909.8779635,93925518436.7,0
2208.783315079291,2371.6394356112337,1962.1501870089025,76.98657962847447,1250470570.6023812,101668182653.0,0
2229.75270118794,2371.6394356112337,2091.7177233405796,63.2742798628966,1273804990.1944532,101770339334.0,0
2198.3745158924607,2363.490311483054,2037.676407344899,64.04439186885968,1238259762.2413473,98051197706.2,0
2167.157367378782,2301.7323085453727,2009.0590259497742,65.74426138958833,1203428700.899788,98318300022.5,0
2152.140087690881,2309.3524497035146,2009.0590259497742,62.80940307143477,1186726906.4090374,93871357356.5,0
2157.501517340368,2315.749339030418,1983.2330563325454,71.22008702695952,1192930585.119262,96141276933.8,0
2174.488441645408,2357.2000847121753,1980.3011774142592,77.69556805180571,1212015765.5409584,94834580013.1,0
2163.3936285943146,2357.2000847121753,1980.3011774142592,71.54907662715173,1199460163.2278206,94483394981.7,0
2153.8841003281204,2295.1926915037634,2011.7563426980694,61.84199087245809,1188618534.2672243,97560886986.9,0
2152.9401529565603,2307.790520956643,1977.8085037046435,63.469613450408644,1187630001.6753054,95241305218.4,0
2146.5529291081266,2307.790520956643,1977.8085037046435,66.35734016702864,1180695750.1585207,92074737666.8,0
2172.8861097254016,2310.8192915214577,1996.7442141746149,67.26725604995283,1209845485.9709647,98934521966.9,0
2164.0140435616167,2310.8192915214577,2011.7626335541215,63.67522452198455,1199874896.627155,94899164371.1,0
2160.9588002004593,2300.154980490429,2011.7626335541215,58.91145110099398,1196342654.780066,94795056128.8,0
2197.169777793625,2372.344675654317,2058.9552177172377,60.10608093143107,1236778949.9941435,100133931104.0,0
2189.8057077112317,2372.344675654317,2056.2125016966042,59.567854195544335,1228492125.8952065,97217624735.9,0
2172.585055138022,2296.5207587726068,2053.2989871061354,51.857476964406914,1209040645.0499065,97526381144.0,0
2181.883180291471,2318.78665691652,2053.2989871061354,55.74355333976319,1219512718.3815079,96665752547.6,0
2197.8672230419643,2339.563774167352,2062.981383586568,58.67372350676849,1237520111.6038003,100204648119.0,0
2186.801152317922,2339.563774167352,2044.8532067036685,61.04014484990778,1225171245.8399458,96435242959.0,0
2182.9542751610034,2359.5120865575295,2031.3024557469325,62.54883578090834,1220915641.4211197,97070424712.8,0
2178.6531855563803,2359.5120865575295,2029.767277020103,61.76464205378509,1216088210.9294071,98210467639.8,0
1907.007459822063,2284.257814518352,1057.8278696132475,427.5654852296659,977789362.1700294,90365550931.9,0
1431.5807203622714,2284.257814518352,1057.8278696132475,410.8134057908826,567856899.4023589,32145504170.7,0
1216.3986968080933,1380.6111164394983,1067.9424655901973,73.7648638757416,380177163.4531927,29988206935.9,0
1224.8125913193464,1436.4987760752388,1056.4017769737725,76.44579363621405,385538519.8640852,31753637182.2,0
1232.9345294826117,1436.4987760752388,1056.4017769737725,71.21531236806132,390450988.7247847,31219721231.4,0
1239.5362987930935,1399.305423250854,1099.2064260406332,65.27671684490137,394422089.161659,31099678580.9,0
1240.952004928985,1399.042571475075,1102.3324051994991,68.31040517714861,395424816.63813984,31376077002.1,0
1257.1625775638377,1440.8028915691207,1102.3324051994991,75.16731126228234,406043615.00399446,32546526074.3,0
1285.7820470690658,1458.4783038542023,1128.6016443127323,71.75502012798631,424546369.4025434,33873475234.4,0
1277.2102004707094,1458.4783038542023,1123.9097259502232,71.51227900931538,418913254.9722973,33685491947.6,0
1241.6484329800644,1414.5024734757387,1093.5010167488265,75.31796626108996,396125088.55387044,32100133223.8,0
1235.870034130889,1414.5024734757387,1093.5010167488265,75.41240081785892,392463813.49370843,30575398187.8,0
1242.4946469078072,1412.1323913083604,1100.059727169936,70.34028456195186,396477620.02606416,31954180333.2,0
1248.2626177552243,1415.7567912991067,1103.7645822779864,69.51693164270591,400125994.6675563,32207954667.8,0
1256.4904707854605,1453.3565560788497,1103.7645822779864,71.23346743784958,405463682.5748191,32699282421.9,0
1249.5827549076298,1453.3565560788497,1081.2893134446638,74.64031281556535,401159228.8408953,32081970786.4,0
1256.1664581610266,1459.8251733308657,1081.2893134446638,72.21779663598002,405291412.67450225,32146113162.9,0
1289.1127229551198,1461.2423479842446,1142.276691649515,68.09866677433294,426610954.4707085,33935480932.4,0
1305.6294450198384,1461.2423479842446,1177.0989940934955,67.36006887600695,437556640.4049387,35191893132.6,0
1295.396910430886,1459.788936440415,1168.0989801172504,68.25644009852358,430774296.87521493,34456622142.6,0
1273.8343643621606,1440.3317447148768,1121.173847544509,68.24777019817897,416591806.9675452,33546604491.0,0
1238.3748639661194,1411.3316805760574,1101.8287829463225,68.88967511326013,393809431.30632067,31290750331.2,0
1209.6481011663896,1366.2359339878435,1083.1916215289439,64.31435155042291,375650525.30452555,29978043275.3,0
1200.2485120199124,1360.441945212628,1059.6672670640514,66.0211215503445,369908551.4487754,29776929489.4,0
1207.9878166486103,1397.172019105026,1059.6672670640514,70.42991692429966,374833904.2225768,28930912973.4,0
1247.1161473363352,1466.7181032929952,1077.1118669085854,81.2616690943143,399846948.8156205,33337240136.0,0
1270.6706846088464,1466.7181032929952,1118.2759889471042,77.50724897428556,414876508.7661763,32786413496.1,0
1280.7734570339235,1496.7949182212992,1118.2759889471042,81.46041145044683,421636210.40033376,32385026922.6,0
1303.7897462103663,1505.4578766983022,1131.0630436178067,81.71861350924543,436875682.33399415,35742665580.1,0
1312.1074271569269,1510.2522235641138,1151.4468082456915,78.34805138472451,442307665.2943753,35035153691.5,0
1312.646147855568,1510.2522235641138,1149.461121269412,76.72427201151787,442605189.98931444,35470483711.2,0
1287.479609018936,1481.2248532870497,1077.3802128900993,87.63195051507162,426312474.21200085,34930241895.6,0
1246.349935121516,1478.9669414215969,1077.3802128900993,84.57161047646026,399498372.6274532,31765244469.4,0
1222.4051270459654,1414.7474426460328,1068.632464427235,74.07491149404272,383938915.10812503,30147174193.3,0
1225.8757104143046,1390.4014959043946,1068.632464427235,73.92035231515963,386108281.82276446,31134624947.4,0
1243.4576131677422,1428.107585669019,1069.13714022234,73.25097232093475,397197450.41683984,31924639870.7,0
1262.1931060659472,1484.3232197192208,1117.4806756469332,77.79383125054876,409390929.1983468,32969496537.4,0
1265.8302544601293,1484.3232197192208,1094.0767087302286,80.69291153389096,411862420.2440735,32448171576.4,0
1267.5500437411374,1467.9325839134203,1094.0767087302286,79.6862036224389,412936449.13559455,32624207115.4,0
1281.663970134855,1467.9325839134203,1123.989595021138,74.94355661518384,421959441.6691127,34217649940.4,0
1262.2214958334785,1459.650641664693,1052.3468180542066,82.04842080220985,409583372.2624614,32672920199.7,0
1270.1625347125419,1502.419302598651,1052.3468180542066,90.73136755350772,415115531.68525267,32450741528.0,0
1316.2266119160759,1518.084378747474,1058.8399963041907,82.58980328557838,445254033.79784274,36204284969.3,0
1345.627027360164,1518.084378747474,1195.0043519043222,73.05769579775968,464908678.061422,37251026099.1,0
1369.1927411320455,1545.1051937205743,1225.607562717144,69.94865871918398,481172883.7696762,38247580079.2,0
1381.1350222706844,1571.65053789924,1225.607562717144,75.72009708203497,489796475.6082578,38552028397.6,0
1397.4879960231594,1572.8702437204408,1232.5424096576419,80.63014586333377,501625323.37939686,40500440980.4,0
1387.6793250420633,1572.8702437204408,1191.0635027598705,80.67384987810392,494633517.87605804,40021498455.4,0
1355.8641399628584,1554.5788945955803,1184.8661036691035,81.01177519691419,472302201.281991,36318880139.7,0
1346.018600971103,1554.5788945955803,1179.8012994666492,82.62023308132798,465559597.3311024,37895718236.2,0
1328.1621010735473,1528.5627402888938,1171.7040549157864,78.36060220848232,453159667.3808834,36943293175.9,0
1307.2608664100235,1503.7875817250003,1155.947648604873,74.54674723356116,438908976.7347685,34326214418.6,0
1306.7087210052136,1503.7875817250003,1155.947648604873,76.53496164684972,438616392.1677737,34966310734.8,0
1333.841952187206,1524.1271105227065,1183.6087161520697,79.08507069481568,457059533.2662737,36248706638.0,0
1353.061689330753,1564.3701237368232,1174.771687512432,79.99521241006431,470316843.3006395,37188545887.1,0
1361.9801899957488,1573.6355534732522,1174.771687512432,86.11168697711906,476775746.7071748,39662911233.9,0
1350.524162028061,1573.6355534732522,1169.153564553124,87.13296338249705,468865962.3755294,36878826722.8,0
1326.0340946540264,1526.5133848030505,1169.153564553124,80.35926419504109,451794952.0708842,35487935929.1,0
1343.7954672712094,1558.6427181355532,1177.0261753015423,82.52067031962777,464024555.23549414,36804643161.0,0
1385.7343260044725,1637.922377920672,1223.057244864142,88.64767185698128,493598216.1901396,39056679661.9,0
1378.3803055286203,1637.922377920672,1188.8504451903698,88.48212291712382,488386906.30274385,40403480614.4,0
1340.1973304648463,1556.3778825284285,1188.8504451903698,75.03353423935309,461250282.45646036,37085842826.5,0
1327.6860569080388,1523.423487174861,1197.9989292127107,70.35379144174297,452531179.9496306,35920144375.3,0
1316.9055211653827,1475.4716376871331,1177.3091257248643,70.96974169022755,445254875.1133301,35845899623.0,0
1327.9004477143894,1549.458737367026,1177.3091257248643,77.90822359574071,452963658.32804346,35156267504.2,0
1387.1207298232102,1621.3939902101617,1190.217333323002,90.37729160850047,494661625.3296034,40415046278.1,0
1393.7729690326696,1621.3939902101617,1215.82188217021,86.61072137576843,499226753.60342383,39673544686.3,0
1368.2291350646537,1588.6158308245408,1215.82188217021,76.58563154588961,480746579.1997577,37993914414.8,0
1380.3878478459515,1588.6158308245408,1232.4042652868015,74.71826775014438,489229678.084188,39274449459.1,0
1386.721857676051,1566.0070479214075,1244.1355606201719,77.74694899058827,493834777.250269,39789932357.4,0
1396.0921322760614,1579.6459697761627,1247.94990771723,82.18366439821948,500691813.5032419,39489962927.4,0
1414.8745020792771,1590.4482679768557,1247.94990771723,83.0906174111832,514246120.2779784,41513694565.9,0
1406.5521834971478,1590.4482679768557,1233.9215722720694,87.98342050287201,508449312.5590987,41278491783.7,0
1410.7182728310027,1627.2894168395835,1233.9215722720694,90.34322635860822,511561713.6251316,39445488440.6,0
1432.006016494332,1643.955145434854,1257.8212360789025,85.38260880046352,526830443.81735384,43421366714.2,0
1407.5210804920216,1643.955145434854,1237.3022200840405,87.52534930125756,509126727.37273234,39642954538.5,0
1390.3511534209624,1599.9636814841588,1237.3022200840405,84.94090353527075,496714569.44957155,40671700741.1,0
1371.6943136839661,1599.9636814841588,1207.3444351640014,89.58934268419222,483730314.3719711,38430585278.2,0
1328.838390232558,1543.0773915532632,1190.0100677094902,86.50027043367206,453963203.6200843,35504466121.7,0
1297.5077905690787,1487.4098903122817,1137.7727065418298,79.3675805478331,432595373.9339441,34714507078.6,0
1282.8253680225557,1464.3627620329112,1137.7727065418298,79.29479115684016,422893718.7191839,33874778250.3,0
1284.1054714266022,1453.5243129822743,1147.9791697799983,79.79719547991402,423755380.2634741,33546215676.5,0
1297.0141510431622,1478.3605080471825,1150.9892965824147,78.03481172319158,432213795.8008034,34304994969.9,0
1342.2597287092447,1563.0211990899795,1177.0918993635664,87.35099105420508,463178591.98790836,36718458365.2,0
1368.6362138151478,1563.0211990899795,1205.4407019686448,76.97593838312282,481047137.49919367,39085921541.7,0
1335.6234442689647,1520.2115028662315,1186.9736044689946,77.44427797192549,458211225.8743001,36493277222.8,0
1257.9436685438627,1500.4167662465957,1049.9744054467837,99.35518373111486,407627193.79554164,32958224329.7,0
1199.599394252954,1432.342836910725,1049.9744054467837,77.35750872849509,369925860.0572758,29044226170.5,0
1197.9583931864652,1359.4697046658248,1059.0034531983188,71.5762157723241,368698231.416367,29879808095.9,0
1223.5195279529266,1388.824702312652,1059.0034531983188,76.95899425985476,384748216.85238814,30717429535.8,0
1266.65664191851,1450.6813453540904,1122.2198616136989,76.45435950689162,412227665.3065947,32598512480.6,0
1286.3407458065517,1450.6813453540904,1122.2198616136989,77.94686636632446,425151546.44441223,34068303402.8,0
1276.1799164827119,1485.9603587104616,1120.0032688060012,78.88862892103037,418523800.32175654,33557432227.8,0
1268.9145142753082,1485.9603587104616,1120.0032688060012,77.69013597736974,413742029.2522813,32644006015.1,0
1236.7716830646484,1445.9808566451575,786.5115877700053,129.76362532301445,395889355.388809,33160655989.5,0
1043.7649277926735,1424.0966149038532,722.6049184469598,202.12911079222656,289357158.89144355,20948341139.7,0
903.872844898054,1140.816622802929,722.6049184469598,90.86287353649769,211261998.47204128,16975945232.5,0
919.6920017376574,1140.816622802929,746.2959845886198,87.39742133446035,218488751.95292985,17387668673.6,0
930.3779871120671,1130.3179240938848,746.2959845886198,89.42214548438378,223641476.8654674,17965154464.6,0
927.0864302740954,1166.5512361861927,756.8291489792498,95.90047638562449,222383654.54575485,17424820985.9,0
925.7919274647886,1180.0232833079986,744.198591578806,100.73255163968116,222012861.41921526,17518232045.4,0
941.5354641226184,1180.0232833079986,744.198591578806,99.07617325005677,229454110.28645623,18407888374.4,0
956.5738449049379,1177.7372827653307,781.6574453384168,98.044999988436,236709463.75141084,19177361897.5,0
974.2835742618769,1199.0898998505597,804.2018610616772,95.43986249257945,245334336.10984978,19567267241.9,0
974.1652805142901,1199.0898998505597,785.0526841968983,92.33857473925758,245126247.97295696,19818846275.3,0
954.2667678211444,1169.1169650992506,778.7194188455361,94.464816476195,235404458.42424196,18613765614.9,0
938.0478990565366,1185.926397955863,749.3733283789161,98.07260424374554,227725336.73664838,18164551280.1,0
937.7706974156096,1212.9812499193954,749.3733283789161,98.73313825128297,227625501.06119826,18108699092.3,0
940.8261606483491,1212.9812499193954,750.1578380693869,97.11661370197629,229013888.31161648,18225919278.3,0
959.7929532519183,1179.4374419798605,750.1578380693869,97.28684362756545,238250814.2220937,19037490101.5,0
970.1463740148122,1183.1689560640073,801.5832978361062,94.94260342942937,243250709.7497717,19178130360.8,0
959.0211533503448,1186.0453628102373,775.9248239633702,94.44657490459903,237732282.38966668,19099690966.8,0
951.6562213107426,1204.7300941848698,775.9248239633702,96.00293769435434,234205728.6669791,19039337267.2,0
958.2176948918406,1204.7300941848698,785.7780640890356,97.39706909299002,237482839.00716466,18154492391.2,0
982.9349116656897,1248.9476781024457,785.7780640890356,101.43728816235246,249971344.38424814,20328520657.4,0
1003.661777120774,1248.9476781024457,809.2560723999385,108.05632802904898,260867362.01737002,20545395339.5,0
1011.5966556698464,1252.4856714393068,809.2560723999385,106.58113556075551,264879957.04827854,21311048477.7,0
1012.3940981800838,1252.4856714393068,845.7392232725267,102.1961578080707,265058781.3633529,21138316928.4,0
1015.0887157847435,1245.083421176886,845.6259730799393,105.24875696558107,266619494.8496178,21150385943.0,0
1023.8062402208946,1259.5226836552868,845.6259730799393,105.30564610061019,271172735.1336733,21727463029.7,0
1038.901085313312,1286.583817817498,857.5273403503295,104.97581097689893,279125858.8045915,22201659196.5,0
1043.6362567057026,1286.583817817498,857.5273403503295,103.62229166072301,281578039.20376605,22033298122.8,0
1048.188037985486,1278.9295817209545,874.2196411304416,101.01772230487963,283879102.25805527,23174741140.4,0
1060.919899511127,1278.9295817209545,890.1597686198338,100.77701697430504,290741002.3242084,23190852710.6,0
1070.6662316856664,1283.158404453843,890.1597686198338,100.56710757058576,296048620.2360573,23320660663.7,0
1080.9757115731954,1287.6940045729784,908.3769201486718,100.33459519094895,301715333.1208468,24132967006.9,0
1072.958206392452,1287.6940045729784,893.5555535960975,101.1358678129321,297335750.7643347,23760960606.5,0
1061.804193974404,1282.3816421775443,880.5714660024885,100.507923126358,291207677.17191863,23238750216.8,0
1072.3057926479132,1294.978537766097,869.3267326687499,99.77201715353968,296907307.09840786,23400503254.9,0
1097.2947098378504,1386.4667863112243,869.3267326687499,99.46105929069607,310770734.7336601,24984300466.3,0
1115.4264152398384,1386.4667863112243,945.5113240839219,98.0642484776155,320970927.2689346,25728497790.5,0
1108.52024168315,1364.1527409117139,934.5720265989119,98.88405088450739,317080366.5255934,25059495208.7,0
1102.6442583376142,1341.0648883161807,929.8679207461288,100.34347554120036,313828652.42332023,25163885441.2,0
1103.4400704174482,1341.0648883161807,929.8679207461288,99.11541426824407,314215386.7131978,24696628739.1,0
1099.733811541311,1357.2721708309434,912.449925102375,99.24194069635656,312131435.2743319,24927312656.3,0
1110.1508186374058,1357.2721708309434,912.449925102375,99.78818312026087,318052485.5326067,25485679261.2,0
1118.7818555202925,1350.7595699028175,951.3051548452495,96.088772898085,322791908.4847331,25893918555.0,0
1114.8380196587045,1350.7595699028175,951.3051548452495,96.09919341805984,320537309.4533489,25451514915.4,0
1099.766685824006,1348.7165494765857,901.3291323568195,92.72567898960945,311829712.5868549,25035024984.1,0
1088.2511417266633,1303.7081574820672,901.3291323568195,88.54043357516895,305185268.69684875,24067460285.1,0
1097.8180166451466,1321.60732013001,934.9014438502463,97.36370682845133,310959126.80398333,25168162440.7,0
1102.1013467851758,1321.60732013001,923.7539616190043,102.20602796006298,313618803.38869023,24795837241.7,0
1104.1382431189209,1336.5409082850351,923.7539616190043,102.6530578057021,314792681.0098171,25070515376.6,0
1111.8166379051245,1354.2986739234375,936.841561358127,105.89467158177771,319321578.95476925,25093312214.7,0
1107.1444863546615,1354.2986739234375,936.841561358127,102.86764890105619,316505770.7151253,25446900085.0,0
1084.4856445651526,1329.2847423454111,904.5360614237794,98.67714452854004,303576650.7827714,24157492840.2,0
1066.1906573071687,1309.1704209498869,899.1351411710614,99.84346175428362,293563196.05354786,23822830004.9,0
1070.381879394557,1320.1994861174908,893.498882225345,103.35228151375324,296038159.8285625,23243764090.3,0
1085.4725643745073,1329.4025707799267,893.498882225345,103.58322340094388,304378924.0780541,24473862409.2,0
1098.155607478338,1352.208707299726,927.6925554577177,99.48966509641029,311256046.51446104,24798637946.4,0
1112.658899035353,1366.5111581289739,953.6531622088271,99.18869270471743,319449144.9249369,25700747256.3,0
1127.1225381512074,1372.8407518900822,962.6653471186825,103.06216945939676,327942918.856217,26050736562.9,0
1123.516219973979,1372.8407518900822,959.1192450109731,105.70754631196519,326006472.16433024,26150964609.6,0
1112.1271504642095,1351.7593462943466,934.0702476171176,106.07480601928944,319508137.7975482,25869786942.9,0
1097.2717753348734,1322.2070483515831,924.6449991381244,105.42506026060536,311070666.8230392,24242489200.6,0
1076.6910618411744,1295.2493408378446,919.7184091102333,104.26230851051217,299554373.5359019,23842108200.3,0
1071.1099609624114,1295.2493408378446,883.4701523632139,107.88672692714967,296682520.14590764,23827589489.8,0
1075.1386751774298,1307.488137570907,883.4701523632139,110.26260112529658,299028739.08971393,23257764451.4,0
1088.939045175106,1333.0444792297596,886.005674859545,106.80932054418629,306482297.6158674,25170484028.3,0
1100.2777231636596,1383.3507777426687,897.8559572561156,103.56095370978937,312662000.44121283,24628687809.1,0
1101.2432560285429,1383.3507777426687,897.8559572561156,104.6259361123933,313262923.6366698,24386157105.7,0
1115.3165499917336,1350.370599620141,900.2973398469552,104.10759932908137,321220966.1244232,26055045852.1,0
1114.8623939391446,1350.370599620141,918.3161084614215,102.32671600579066,320867562.04243195,25735864417.2,0
1092.6855793684915,1323.0161705228886,918.3161084614215,103.2100624553846,308381207.6420864,24612765086.8,0
1092.4063014695498,1342.8401834670817,919.7974574605967,104.86816943783873,308313308.27561575,24608463223.6,0
1094.8663526877601,1342.8401834670817,922.3968918550509,102.41522027324216,309560629.14340234,24734370767.4,0
1090.680831340413,1352.7858723093282,922.3968918550509,102.18140544907752,307206583.1610786,24224719250.1,0
1092.6098195893974,1352.7858723093282,922.5839539744962,102.79781409676721,308317083.76223975,24302385291.5,0
1083.8250389944365,1313.8378191775998,922.5839539744962,100.18996335375533,303286974.4404783,24299822311.4,0
1081.482674952777,1314.6357536541989,909.3891481509314,101.25423204281529,302043442.1067762,24097446270.4,0
1073.3209166653628,1314.6357536541989,854.0397751082126,103.00372215793543,297632654.57401943,23683791738.8,0
1063.8712178930052,1302.939994488957,854.0397751082126,100.99986643799141,292357872.96809936,23208207994.8,0
1067.9285695625022,1290.5293533961883,892.0643332572112,100.41020009036532,294541731.3203198,23577579540.5,0
1079.3180895831742,1335.9075044054805,912.9959722876141,101.56371536645808,300862138.05581105,23920013869.4,0
1100.4537342636302,1359.0194483507034,925.3651935000986,102.60569903785719,312710745.7868328,24831277154.2,0
1113.1127842027495,1359.0194483507034,934.4420729472295,103.37981504521437,319925108.86768115,25706515844.1,0
1121.4690545956857,1375.6084135479032,965.207751314246,106.23923717962003,324858781.6786557,25836929653.2,0
1120.0163620913231,1378.752710688237,945.9774346954677,104.85884444606484,323950599.32437664,25680197058.1,0
1098.1135062659187,1378.752710688237,903.9791549213747,107.40074841296824,311651377.51124364,24623653232.8,0
1120.8351152466216,1378.9851363470934,903.9791549213747,113.7452422307246,324917589.9392086,25910811632.4,0
1145.6663534782074,1378.9851363470934,967.3689175661244,101.62806814444177,338657192.378067,27060532238.5,0
1148.7381674193841,1383.0983646033908,967.3689175661244,103.1911973649103,340543436.9279101,26996065977.9,0
1125.4813017550184,1383.0983646033908,894.7735997428914,117.44152181153217,327808171.9412683,27115988376.9,0
1088.4733445254715,1351.9065815350964,894.7735997428914,114.28622105619331,306645903.88883746,23433340762.1,0
1097.2877301815272,1352.3421170002944,912.1871676755023,108.2541136180349,311234384.87607163,24861065793.1,0
1105.7944983398486,1366.5899877716597,896.5663816512126,104.46462603550705,315825748.6467625,25916467711.3,0
1100.0002495466183,1366.5899877716597,896.5663816512126,104.0787104517652,312533229.3048129,24506803145.4,0
1102.7515289425519,1325.6472712610746,928.5764004490524,101.53230483398845,313950654.33856964,24909816989.4,0
1097.0632597988665,1313.2365830436647,911.818683388847,101.32166170220961,310736352.0334367,24979015279.9,0
1083.355055553423,1320.1024196959365,911.818683388847,101.02943630375998,303069471.58861184,24267987048.4,0
1082.2855960012103,1328.337422275688,910.2281467003274,104.41536913151907,302654638.2393769,23871137306.2,0
1080.2644249162959,1343.5963001362684,905.9962234567745,110.04076763612956,301844530.76011103,24257510887.9,0
1082.580630556157,1343.5963001362684,898.4123672632646,111.31188217026339,303199016.1325193,23903045819.3,0
1084.5466291901314,1343.1802278784867,898.4123672632646,108.76947539721829,304146480.55446076,24398225674.6,0
1085.1282965709943,1343.1802278784867,918.6828341699929,108.6135910594359,304460885.0385649,24368774310.4,0
1080.7581332490597,1314.545095244086,913.1604926154569,106.66599144038678,301930438.73637205,23718928304.9,0
1072.5072350083426,1300.0671742317272,911.3168389380583,101.8227722133207,297123749.39813024,24112504044.2,0
1077.314107784746,1338.5354943601028,905.4217732033192,104.57090697240847,299914434.92277133,23709235571.3,0
1098.3391790115206,1344.0470624718814,905.4217732033192,104.63314277617008,311628043.9600434,24805544670.2,0
1102.9009209318006,1347.7493703880511,919.8703324885475,102.01957208591305,314060399.2270866,25238406838.7,0
1089.7879014886348,1347.7493703880511,919.8703324885475,106.77994141637333,306954144.28669095,24263048555.3,0
1084.6922118396199,1311.7399334285506,923.5806591450571,103.13314039935493,303921571.60298496,24393298297.5,0
1068.1596773559359,1311.7399334285506,880.5938376336247,101.29741061272613,294713923.00185096,23450646323.0,0
1048.68675604414,1301.5024315679516,880.5938376336247,101.83533331225799,284189272.93777925,22528674505.8,0
1044.378375288255,1291.6413951902823,857.5113940306622,101.98149901914695,281888362.7294535,22010005014.8,0
1062.4205736784502,1308.0904240048817,843.3384892567728,107.35335644832027,291907127.94008756,23406582464.7,0
1081.1598462203779,1308.0904240048817,843.3384892567728,104.32396340765794,302026266.2196106,24327065331.4,0
1078.142379494579,1312.418224663841,915.6275440045786,100.08197010932471,300136292.1480184,23933226685.2,0
1082.5619258262918,1335.268475169782,896.7283852971202,103.79327923690268,302774622.2242507,23834629724.8,0
1081.594540345001,1335.268475169782,887.1813364564774,104.62537492293997,302283064.0081612,24352644359.8,0
1086.3855238287595,1355.0675205828436,887.1813364564774,105.63453974754458,304996393.5673251,23762113687.3,0
1086.7024247740962,1355.0675205828436,932.8511351974108,103.71302941746492,305069709.4350971,24754410847.6,0
1077.547833210899,1284.3831531874928,928.9639747816827,95.42735598953684,299575222.56093615,23819315277.7,0
1080.570096827099,1298.443289336279,906.6818656359144,96.81064026428129,301313032.76167834,24224368839.9,0
1077.3164601180881,1298.443289336279,906.6818656359144,99.04274337487237,299627576.38568676,24026342801.2,0
1079.9778986855192,1317.6424983583179,900.0768431801632,98.40381452065886,301065106.5245199,23824165954.0,0
1097.0241205022448,1317.6424983583179,900.0768431801632,102.46088848053228,310773799.5857776,25007458099.4,0
1094.6605947815556,1313.5604941626473,911.2183575444512,105.43932784838294,309606213.0239047,24226103094.7,0
1072.562286421703,1304.5417085516929,867.320126053902,102.77516744166115,297203863.88398397,23864714611.9,0
1068.140603622547,1301.6673484895716,867.320126053902,100.6220702064679,294668582.4306621,23266934238.2,0
1085.0134029741635,1302.0472746208698,900.4771383392992,99.9220449116343,303933055.92138153,24561549293.4,0
1094.3169950362944,1354.032807940505,927.0543441161877,101.80770505637014,309220990.57513213,24475911688.2,0
1086.8503214017305,1354.032807940505,895.6690474549978,105.19347936638601,305231178.0434563,24300707933.1,0
1076.739589827279,1295.4703512236272,895.6690474549978,102.3730661153899,299481187.57562447,23943838037.6,0
1070.1998425166998,1321.9669827393548,882.4322722897666,100.0581522757429,295766870.2104589,23789108122.7,0
1069.1549568281748,1556.297150330333,862.6076372462812,111.40091673359666,295808636.4055916,23199851082.9,0
1034.3872766064233,1556.297150330333,846.329790893792,115.40073280770227,277318237.9872788,22160018349.6,0
1005.2261906330674,1225.7947141668178,846.329790893792,98.19202572373683,261151070.27210212,20980539809.9,0
1014.1178326174595,1224.7686831511387,848.1976059639649,100.80448090311118,265880709.58153713,21071281273.4,0
1022.8820748962263,1239.6954970606644,850.1462816577734,103.82535443205926,270609265.50193965,21729608071.1,0
1027.7832124546544,1241.2472131443585,821.0075950083817,108.10993764007519,273414679.1475585,21435484258.7,0
1014.9413050439454,1241.2472131443585,821.0075950083817,112.50608673156827,266947448.89240533,21286692817.6,0
1032.0108153610017,1305.5123325485388,830.2863372573614,116.18719521181603,276107721.5624367,21794726160.8,0
1065.3986052862435,1305.5123325485388,897.2109131484027,109.79535768427976,293665077.4310123,23670161754.0,0
1059.4843047523793,1294.256894915687,897.6078490691896,105.58321327077326,290215630.57695085,23039492372.3,0
1046.402767002302,1270.7222425741234,878.6764251363984,104.48850221196538,283104409.05845094,22768636526.3,0
1052.9098818556536,1304.9787786986758,861.6680573002174,103.81436584029325,286565540.31721187,22472207904.0,0
1058.287280855635,1304.9787786986758,861.6680573002174,103.33872546822485,289446620.41656595,23157656700.9,0
1058.422626724328,1299.1795401175923,866.6400247327878,107.15566794213856,289725643.24714303,23570933941.6,0
1058.0025105481227,1298.9997162390523,853.718652769389,108.12723555955246,289551567.7173457,22800049035.5,0
1045.2738928264273,1284.89007541353,853.718652769389,103.78419741015018,282462379.68808514,22575002144.4,0
1036.2853560882002,1256.6299590109131,861.2367992529838,100.30705103604927,277490903.9949815,22078218296.4,0
1031.8201783254449,1276.352187364164,868.6497674952018,100.18276269086144,275120503.38302124,21808576919.9,0
1038.9299900192143,1276.352187364164,872.09008492469,98.38944001968026,278798337.5535901,22039980595.5,0
1052.4109225677353,1283.8789900787742,871.1125196593584,98.56678038412326,286024744.99460196,22882258703.8,0
1047.6754423580492,1283.8789900787742,868.7299398429495,99.14941808656724,283508336.5445219,22733588320.8,0
1028.6572850348252,1242.6536173850766,824.2314839404426,100.42006493143984,273464319.87098944,21629317404.9,0
1018.04857040702,1242.6536173850766,824.2314839404426,99.60014654710395,267863828.7103953,21487453549.5,0
1027.6433523699902,1225.2978661137574,841.9181585392164,94.7327738674462,272646440.4774023,21683694697.7,0
1049.1994996767867,1271.6552765682977,881.6148312666913,89.69202530431092,283869247.8784535,22841894327.4,0
1071.8403797351757,1282.1407339994155,916.5729846140324,89.86307611877763,296170796.05257607,23716184477.5,0
1075.45405569399,1304.917964331577,912.6982792056075,96.19545226968233,298458877.6821815,23624591430.5,0
1071.9142169001525,1304.917964331577,912.6982792056075,95.65170697976782,296486230.3848476,23734512400.1,0
1070.798467993214,1274.5504422694034,909.687854412747,93.59006177575532,295774325.4322697,23313225417.6,0
1074.4576130582234,1362.695282415006,900.8065090922128,97.7674602667442,297988515.46772075,23719749068.4,0
1090.8875376438768,1362.695282415006,900.8065090922128,99.22852493043098,307169771.50632703,24508964588.5,0
1099.292063889272,1312.531576123877,918.9814408185827,96.14198026782242,311727698.45753694,24852186006.0,0
1102.7078541858007,1310.859677514644,910.4926666932394,92.63333937103043,313483660.0949968,25380809623.4,0
1077.2525450795602,1310.859677514644,879.6203285425685,101.05868416696175,299695591.30264246,23357066964.0,0
1052.3543662797933,1306.9145045830523,854.7602109289401,97.3169185929161,285931595.48737687,23273284860.1,0
1076.452060044598,1323.2641877382382,854.7602109289401,101.33195057873036,299268403.6562814,23247214007.0,0
1096.3123394901716,1350.7909256961764,882.5612316077386,102.61510746347827,310382235.1355275,25271144060.7,0
1090.290959415543,1350.7909256961764,908.0537654797621,99.6634657197193,306858798.7411281,24372451553.9,0
1084.7023283306885,1330.001326226015,907.1844861426523,102.85970262326433,303912770.43449944,24142201665.8,0
1081.6658283439424,1330.001326226015,907.1844861426523,104.61216113529304,302321835.1268822,24196101931.1,0
1087.894344366353,1304.1459172893478,905.4062529872378,101.67726643267567,305626206.9794607,24316154655.6,0
1107.7847052868049,1356.1193421377852,905.4062529872378,99.81174566069743,316710230.48683745,25275651232.0,0
1093.6298216915852,1356.1193421377852,858.0049313694062,107.44164303901974,309137892.7493357,25208241584.1,0
1057.3484098358367,1308.6063459409977,858.0049313694062,109.01849218212146,289246897.0035292,22309690697.6,0
1048.6608601297753,1301.0142059165744,879.3559397301922,108.01220413946427,284507196.3676634,23186479100.7,0
1051.2192624589984,1329.613828998264,860.8349809609186,109.30114335378887,285954221.49204123,22562279301.3,0
1060.0687397553324,1329.613828998264,860.8349809609186,111.49112261839858,290861056.8778674,22628926701.0,0
1071.9839030278922,1307.2487379666177,883.3060608779679,105.61124587250968,297037625.24304825,24073862728.6,0
1076.8509357240455,1301.707874889453,902.0398811160798,102.32985657294988,299540310.3528941,23889424950.9,0
1062.9937551619767,1300.8403773418352,804.7606825324068,104.93032971187414,292087320.98734164,23256304246.0,0
1050.4627121343515,1274.0740249126106,804.7606825324068,98.47507699345738,284971328.0956223,22779456313.9,0
1060.2633067243357,1309.407781907105,896.1632171039697,98.05793796853038,290246051.5288737,22968157702.6,0
1076.3590161459929,1318.0788567180448,896.1632171039697,106.05944678554755,299468118.50015384,24024502960.5,0
1088.040402792804,1318.0788567180448,905.120008993648,105.82851646133685,305928087.8095192,24251722872.8,0
1080.5868946769738,1317.9714107215357,885.5446896722466,104.56371741964277,301722011.63474953,24150535790.2,0
1066.844478957687,1317.9714107215357,885.5446896722466,103.5155133599856,294111386.56990194,23401284593.5,0
1066.405578858403,1301.1360735852186,890.0537576567391,98.76302996155938,293625598.64512336,23353750096.1,0
1085.023754980075,1331.7522702502256,917.2461031683775,100.91918050800889,303990074.8455603,23972639878.9,0
1084.483672673588,1331.7522702502256,900.4852353357121,102.27384590943514,303760582.6182914,24747946222.2,0
1069.912000498428,1321.4775377125918,879.3537643546133,99.27456028488896,295569184.5453584,23281003779.4,0
1077.4855462387068,1303.2237556324822,879.3537643546133,96.47542829448273,299592348.3181896,24324318968.6,0
1089.959474927823,1300.7481182194151,914.598626291099,93.25671770349116,306357368.9297317,24347177450.2,0
1090.246685886244,1327.5515056711874,915.7397596888155,98.28012825788078,306763985.8422588,23974592887.5,0
1086.95781406773,1327.5515056711874,904.4334475214998,102.42090531932925,305143636.8407881,24273374273.5,0
1076.7980145266642,1320.1177437862207,880.6631937004529,100.43196478523032,299412619.1716321,24401306277.0,0
1072.1214099003687,1339.2383955728621,880.6631937004529,99.7403426692792,296804468.10177016,23032796281.1,0
1074.0511583568277,1339.2383955728621,903.5754909616738,99.43365299174859,297849073.1814213,24200760744.1,0
1064.6440052228036,1307.085814582189,903.3291578919755,98.00428768880803,292626354.7551344,23214510733.8,0
1069.677991505171,1350.159619503264,878.3894507648453,105.04764128472897,295742979.18720543,23199453933.6,0
1082.9269552171118,1350.159619503264,878.3894507648453,108.85054747422697,303252283.3974382,24648980159.9,0
1091.2919614803768,1345.1237765690207,910.1053870264699,103.9255947179294,307639980.65386593,24438639503.7,0
1106.7033119980329,1345.1237765690207,937.7683482983406,97.38152778213768,315974497.98159313,25521551613.7,0
1111.254153044942,1331.9695759329254,938.5817030877419,94.7567376844166,318429345.7910335,25190830743.5,0
1116.2012900692682,1391.1025306509503,919.0869185562233,103.7893057023107,321709450.2221993,25583761591.5,0
1124.8824770815831,1391.1025306509503,919.0869185562233,104.75127344577432,326741354.6326297,26427661911.8,0
1136.9901911036275,1373.0946576561971,954.6136558806618,101.0808484734675,333558792.3440587,26526726333.7,0
1140.0054982237798,1370.9899986631815,950.916837171498,99.80847745296845,335251012.6468936,26144300129.8,0
1132.1631698381943,1377.5196201181639,950.916837171498,98.19622309047438,330607600.9900293,26939199708.0,0
1126.7976579364113,1377.5196201181639,955.0531077657848,101.95750637011567,327697483.52926564,26234948806.3,0
1113.9600903286178,1368.0678509473187,944.773747479747,103.17843873258624,320397535.5044444,25560224698.7,0
1105.7552717573026,1363.5218054483842,933.2147261571283,101.59510238981338,315652169.17725766,24755971802.0,0
1100.2501223238146,1363.5218054483842,933.2147261571283,104.11412303852568,312675861.0661505,25228287988.7,0
1099.381442549457,1329.5745058358193,938.9440804117324,104.24901983291348,312193898.07571155,24442742591.6,0
1120.160441766809,1347.809409837812,938.9440804117324,103.55349531627425,323963581.87300634,25902550127.6,0
1137.911023992247,1371.1149650650937,962.6735654116867,104.03133152661685,334249988.21434486,27127043188.2,0
1110.1050291323645,1371.1149650650937,932.2753385020436,108.78966124573606,318507101.7213261,25311889416.6,0
1095.2892254128792,1333.4376895505463,932.2753385020436,107.23700552273597,310056515.2407112,24467264955.4,0
1113.8487280334223,1337.2475973329426,930.5131611293251,103.80024582250883,320366970.8734684,25552207375.4,0
1126.1513535103893,1376.0215782587459,930.5131611293251,102.18299794707232,327336508.4371797,26630551896.4,0
1134.3693192955554,1398.170176896374,956.3043680355811,101.33661994672175,332048092.95392966,26334495166.1,0
1139.1081270328243,1398.170176896374,971.1783036345005,101.33298226657487,334805938.78202033,26701018018.0,0
1129.3594345195074,1366.36694609867,971.5863102759686,100.59181217681915,329106289.9239011,26066970928.2,0
1136.0378534882148,1380.5278960028027,971.5863102759686,98.62389628216879,332879021.4338525,26334069087.7,0
1150.5053930144895,1380.5278960028027,962.9016121381362,100.89328277331371,341463581.14923525,27270219761.9,0
1138.9221024769863,1388.0082476308344,951.9096764493279,102.24569911627356,334745021.05558383,27414616581.0,0
1111.2401386111292,1388.0082476308344,913.6444541913454,104.7088700440741,318929559.84035534,25143384398.8,0
1093.0374202608768,1332.7108145475192,913.6444541913454,103.45947565369191,308591274.289431,24255288927.3,0
1105.4950732512198,1334.2507454500053,926.954993231883,105.03451228194791,315686811.07277477,25314346949.3,0
1110.5034289591329,1352.0571244904409,919.6416914102223,102.53742971843161,318395338.297153,25724908258.8,0
1110.8372185271355,1353.314158075677,919.6416914102223,103.11142578754966,318615370.8014193,24886904095.6,0
1115.8323149497046,1365.1975884691512,927.7314210147917,106.13197095203138,321624512.0881099,25859586612.0,0
1092.7206427100664,1365.1975884691512,898.1156060113663,107.35077665512284,308624023.61680865,24619687076.2,0
1073.5530597577847,1302.6491800362962,898.1156060113663,102.1375167189352,297714750.575824,23443572877.6,0
1082.8592248174177,1299.7268584580734,914.5261530815262,99.07232429691506,302694253.1107255,24276964129.7,0
1092.1868850398782,1335.4426614383917,920.4918685196665,99.8670752714471,307928479.8915545,24425825241.9,0
1088.1422945173495,1335.4426614383917,920.4918685196665,101.68391401671676,305764677.50073373,24482263475.3,0
1092.200675143816,1332.0886394145639,921.8221098755487,101.89718365646587,308041049.8103621,24561049117.0,0
1105.1755846497265,1344.4704471517975,943.1532598406335,103.82187948261462,315441166.2246828,25206533085.7,0
1103.3252513444522,1344.4704471517975,915.3260084550899,106.77262782005724,314554113.1023102,24907474970.4,0
1099.4527535730365,1341.0092440313063,915.3260084550899,106.09485538060656,312333433.77345634,24541080116.6,0
1103.0687851955574,1351.2205254491023,933.9722794521525,105.03226946465963,314314885.7604351,25417981434.9,0
1110.9647907936223,1395.6688228931682,937.9476737380368,106.11046090889054,318848562.252138,25722691866.4,0
1110.612062517987,1395.6688228931682,918.2153647462176,106.22009248810313,318653916.53341126,25180888892.0,0
1097.843469828988,1356.7894802495528,915.2445199247919,105.24480901932526,311382209.0423467,24533359597.4,0
1097.851141771918,1356.7894802495528,915.2445199247919,104.59937634771642,311351848.7096923,24820647663.4,0
1106.9624744035523,1347.9612845994834,932.1891489796706,100.02199216315738,316254801.575404,25475035020.5,0
1115.8697971592571,1347.9612845994834,954.5156851569049,97.66538745091167,321204206.6222538,25568756259.1,0
1122.9427630957389,1338.8872330331103,949.4515006363603,101.54626752071852,325455895.9709394,26173846504.0,0
1121.8186341511846,1335.5143147263332,933.4016736568725,105.15568195975845,325000899.9365763,25657452450.5,0
1104.5127588294743,1335.5143147263332,900.9761413040824,107.03394040560222,315239602.89685667,24778611638.5,0
1096.1154036203855,1331.775539861643,900.9761413040824,103.80019581234919,310334325.4283681,24940660130.7,0
1083.7154418695973,1331.775539861643,905.6617312278495,104.75872079655284,303465868.4235639,24184660764.1,0
1067.7432884640748,1328.4840426078276,887.1323090934422,98.69778647108153,294353147.67727804,23087574837.9,0
1069.9974799095012,1286.1575635343818,878.0499553733664,99.05293332624443,295604759.1969835,23715534300.5,0
1069.0122702170104,1293.482112399412,866.3163425692217,104.55314803981311,295351960.2277278,23968268092.5,0
1075.045528880812,1308.7911036753383,866.3163425692217,101.2179250251157,298487797.1233318,23160410983.7,0
1083.9102843748778,1318.2752410495013,886.5038156474084,94.15654704458002,303034101.7407966,24606165327.0,0
1093.645866855128,1318.2752410495013,938.4500589897677,87.02804265857883,308130601.54836166,24407249050.6,0
1100.8344354703763,1324.8743743847365,938.4500589897677,86.13824518313363,312129600.40975654,24716226806.1,0
1105.8290607965669,1324.8743743847365,944.9204100976834,89.45350738413335,315100119.47149825,25417515213.8,0
1107.200687367661,1306.7884230261761,950.7977163681577,91.97856442908517,315994475.1159952,24792277382.2,0
1090.999824214719,1307.8018826736375,909.887582569304,96.41490920974834,307091571.49554473,25161415057.0,0
1078.8669800523853,1307.8018826736375,909.887582569304,96.06934824411601,300334919.76176727,23546168184.2,0
1082.83900231185,1335.532089884195,923.1021620944952,98.15491450667089,302636721.19540083,23981973323.7,0
1084.1320840191981,1335.532089884195,930.4278941961305,97.22499741946194,303307539.38509417,24140439873.0,0
1088.3971447676513,1312.9082665887884,916.3699910996445,95.73630458555603,305606088.897043,24607567191.6,0
1090.7486736649373,1303.7447976748103,916.3699910996445,96.29144240330636,306945206.0113739,24419605835.6,0
1084.9210444864893,1295.4481605598899,926.6158294650866,97.04701345427051,303736779.6710523,24270565839.9,0
1081.6868430620643,1307.0265580265464,912.8708049994714,99.75198156267273,302079202.3754893,23732170704.3,0
1081.3960018068315,1307.0265580265464,912.3554759785811,100.68041628123142,301965787.89026886,24109770708.7,0
1081.3125563696635,1308.9647515824245,903.0194192924516,101.34714599121467,301954070.67219496,24440764376.3,0
1079.7201196671203,1315.2824843229866,903.0194192924516,100.73937333332458,301041653.28731436,23616297201.7,0
1087.1328178563438,1329.3678612911276,920.9969305068298,96.17376435396794,304923432.0922334,24422185262.4,0
1105.2211023236916,1329.3678612911276,943.715310504417,93.26396910641087,314934234.35649985,25515562338.2,0
1097.428002162704,1322.114260553152,918.3431642988464,95.43553284815644,310644777.1803738,24497908270.4,0
1084.2850633628882,1328.1410949041574,918.3431642988464,95.20179532368479,303292794.99896705,24198586570.1,0
1097.2934604758916,1328.1410949041574,943.7316357958549,92.12309659185453,310410138.45218027,25030221211.9,0
1107.161584324884,1315.1683145029178,946.9485118616296,89.64899490841287,315863991.3197763,25016885684.7,0
1089.4126561057667,1315.1683145029178,917.1073296239238,94.52411269718644,306113214.25014067,24659402688.7,0
1073.387160141068,1285.6544965607827,917.1073296239238,88.83695737005957,296973312.14092207,23478758673.7,0
1077.8173418904319,1301.2675706467385,935.8077139568892,88.63872808923742,299404043.9288407,24023645757.1,0
1078.3399908184692,1313.5110919885087,902.4530638445327,96.29955894595,300055229.65799963,24069951047.6,0
1074.7923096257468,1313.5110919885087,902.4530638445327,99.04691477826857,298237132.8403817,23318617614.0,0
1081.2768287151887,1299.1731231669744,904.9149452077838,97.25389564431951,301726182.5367991,23964185812.2,0
1088.8904828931513,1304.7435901783933,920.2549257184482,93.62948609371827,305778934.8867723,24720568486.4,0
1088.55612180645,1314.0839041300978,920.2549257184482,94.6440989573736,305641455.56217647,24376600315.8,0
1093.3471641581111,1314.950153286445,933.2882612982736,98.93736566594691,308530335.6665602,24541103203.7,0
1089.9235056560956,1314.950153286445,938.9448852942545,98.26721268515861,306582961.4772693,24547855233.0,0
1080.1578040714555,1313.260697337858,914.2563378320713,97.40926872038982,301114738.51625204,23926327540.8,0
1074.9848769493383,1292.0291135282546,900.0475750928465,99.30712227916753,298356323.89251924,23706075788.9,0
1077.8578366610864,1318.7465077771908,900.0475750928465,101.81114139257522,300068614.28822434,24044910762.5,0
1085.2106187790434,1318.7465077771908,901.4825908888222,103.14331122262473,304210081.218755,24109959007.5,0
1083.1875301083892,1304.5284887919267,909.8498858939156,102.05607985346612,303029931.21724653,24079994905.3,0
1064.3580029456225,1304.5284887919267,874.5992516700373,103.65952935478221,292762433.6538748,23412775449.9,0
1050.6928341493433,1295.3661485670052,874.5992516700373,104.56211226802873,285411498.7660112,22798410591.4,0
1056.3739077439868,1295.3661485670052,906.8385745510508,105.17086119188484,288508606.2095728,23109428361.0,0
1058.4518923146466,1273.7004490123156,902.7735667408997,101.8998033210838,289460218.4349009,22970469244.9,0
1078.0462597744977,1357.3824857953591,902.7735667408997,102.64033925403523,300216007.02872765,23601479816.0,0
1099.9448883851119,1357.3824857953591,912.1973249547025,102.5871234543342,312423136.0980919,25335122282.8,0
1109.50352704626,1341.8388085669508,912.1973249547025,98.8480354335803,317636866.7231153,25441156969.0,0
1116.2593264481104,1332.3457543393447,955.8637524352032,94.02458410493085,321248129.61241454,25664170268.4,0
1112.166877034937,1332.3457543393447,941.5642629227547,96.1613472915896,319017514.7741641,25825674579.6,0
1116.2735392938205,1399.0148014921076,941.5642629227547,98.94749719205373,321499448.76239973,25545171062.9,0
1114.4871170441927,1399.0148014921076,933.1782769780366,101.59071741320716,320614965.2280336,25223221306.7,0
1103.8096905965529,1343.2649228495018,933.1782769780366,95.89184723839767,314263316.33194244,25148174108.5,0
1103.5374738554258,1308.4683844877263,935.7024019198467,91.26376275763907,313887751.83254975,24883584985.5,0
1105.3832571419618,1321.7126454446884,935.7024019198467,94.80121225966087,315100010.2440125,25381335330.7,0
1099.3873976436798,1338.9166676375157,939.6971563612178,95.47554720321097,311748666.9341428,25037339764.9,0
1094.2529112043621,1358.63936124243,939.6971563612178,98.0840115904069,308994536.1942755,24524317150.0,0
1090.3916528390694,1358.63936124243,933.5214947509681,103.50968472722612,307115062.1218425,24665806662.4,0
1089.6804246413808,1331.589026521669,933.5214947509681,103.98789866431244,306743529.19430125,24432673529.5,0
1093.4780028815999,1342.1991452358325,929.4172698890707,100.5411771138031,308685483.7968284,24454031774.9,0
1095.9023686166515,1342.1991452358325,929.4172698890707,100.62953119011831,310048845.8463054,24664312501.6,0
1099.4944039503705,1796.9419007896245,722.659679776858,149.32923242571982,315183913.97760904,25020574697.9,0
1506.2859144970575,2086.6203984465333,722.659679776858,426.5889111657797,627424090.9675117,48094792396.5,0
1919.5609515344804,2086.6203984465333,1764.5049958040727,66.6204966061653,944423049.5293471,76534360024.5,0
1917.0174567251388,2081.227277992855,1772.908857587263,66.71849546188056,941928265.4785578,75825762468.4,0
1902.221622342756,2065.8090987447817,1769.6042649033145,67.07642207198984,927474264.8080094,72688768883.4,0
1952.0251137095215,2217.884862703456,1769.6042649033145,89.77840570383559,977526324.9109488,77271904748.1,0
2010.4864762395932,2217.884862703456,1834.6159716224786,68.56903583960327,1035969941.4574769,84622432229.3,0
1985.881406719881,2159.1107150883527,1813.4317456909582,70.84875211507895,1010878593.8513911,81709892310.8,0
1932.7866708502947,2127.675685463719,1792.145305903316,68.86845051026938,957544237.694016,75616581550.4,0
1906.9366541375616,2057.9359922172107,1772.8412149669261,61.45291925486475,931887069.2296457,73952205740.9,0
1928.9063485405673,2149.89197999828,1772.8412149669261,73.47371572458871,953875990.6156753,75417394999.1,0
1944.0990452761425,2149.89197999828,1822.9817771669827,67.51838222611237,968724436.4242024,78809579422.9,0
1923.2337586467927,2086.390149763133,1742.8797484610325,66.5291867204506,948033081.1095947,76120192023.1,0
1922.4461697100437,2080.5646880706963,1742.8797484610325,71.2245497619362,947423286.2519319,76145290019.1,0
1937.07758887521,2103.11154248026,1778.5493786701045,65.55691921927186,961681227.5149107,76309991758.3,0
1962.2313340275743,2119.751123878354,1830.7298416022313,64.03377902420617,986739746.0725132,78711405870.7,0
2008.677721677345,2175.579287376975,1857.594719047306,66.7978116954172,1034047523.1258076,82652717622.8,0
1990.2397500903594,2185.7559261391316,1711.3050611951348,103.85126527229394,1016790873.1234285,85219215529.8,0
1941.8449109383569,2185.7559261391316,1711.3050611951348,93.0549082303869,967531743.765238,73891348743.4,0
1950.0249902403925,2093.585126686003,1811.5388473906528,64.4700318512006,974528984.9776483,77983546525.0,0
1965.571161407171,2093.585126686003,1811.5388473906528,63.058786297951734,990066278.677736,79375925242.6,0
1944.100770763535,2112.7956104923296,1763.158569616266,73.05395807150268,968925360.0443606,79017689340.9,0
1899.3203619937537,2112.7956104923296,1758.2390708645696,71.3511487804953,924802258.9225934,72336071996.1,0
1884.941856623172,2039.486929533715,1700.7156490789598,66.07656384962092,910687210.275887,72422465431.1,0
1910.1536802318788,2063.9927578783163,1700.7156490789598,68.96573040719004,935281498.6429408,75096282501.9,0
1940.2122658279745,2098.0766791448023,1817.4142445706161,65.59673234072686,964794001.3473547,76301111215.0,0
1949.0539608257031,2098.0766791448023,1800.8971797828679,67.04040969123965,973646274.2379342,78861306193.6,0
1954.029083139461,2085.0983181298425,1791.909027112912,67.32449666469502,978627134.8751352,77548542367.7,0
1963.2761233206436,2115.3316679588984,1791.909027112912,67.5029121166115,987906503.5635605,80228212288.1,0
1933.903909698909,2115.3316679588984,1795.2782430799434,72.12594873501627,958767740.0139911,75754229435.1,0
1958.7268695764742,2173.2259626866876,1795.2782430799434,85.6482018149871,984050320.4031987,78594339873.0,0
2025.6479378039328,2178.0422628968927,1894.5442388968834,63.88576496902387,1051476725.4771209,84139373786.7,0
2035.7033097508145,2188.074769273958,1908.2733535249458,63.67265849170998,1061924396.2290747,85304800301.8,0
2019.1951472081237,2188.074769273958,1874.7184822297882,65.6008637169068,1044851844.0522857,83775121453.3,0
2008.6380834422432,2181.940362565319,1845.8923299096,64.89226054675227,1033942516.6677493,81805608797.8,0
2019.6238846568622,2181.940362565319,1845.8923299096,68.81766190776591,1045405825.5531331,83661185620.6,0
2036.7164289085829,2189.1618240141984,1888.3384059515818,68.94452587581607,1063159592.8151993,85592009308.7,0
2079.5144999578233,2243.218612640171,1897.2349710289513,73.56674761361224,1108426911.2036562,88772545302.0,0
2097.9997409989323,2243.218612640171,1948.730421798981,65.54408530738344,1127910128.7296946,90359003703.0,0
2080.023426010942,2239.5335809218236,1929.4341852166901,66.17513268036444,1108704409.8405275,87467616441.1,0
2076.5916935553078,2239.5335809218236,1929.4341852166901,68.27971885393598,1105125166.5279162,88440308149.9,0
2100.2883630351625,2247.4745273246504,1950.2691057982593,68.83940897959431,1130483218.465173,91338289969.4,0
2136.02429029471,2320.196133737319,1994.5984435646478,70.88494138158234,1169311857.572785,92523460114.6,0
2154.770466823802,2583.83432185963,1900.5036721992496,121.72026655833281,1192410006.5246973,92538408140.4,0
2069.2923010060076,2583.83432185963,1460.1200329216258,255.32603094558684,1112873474.3247783,101824898583.0,0
1916.519128426322,2379.0434619293073,1460.1200329216258,255.05379798480587,956953090.4295586,63346181134.0,0
2037.356892300327,2428.867467285906,1514.1629794361288,230.00728013457694,1076153972.6127493,89786856966.0,0
2259.2791260407,2434.103759538637,2031.1169179278209,78.8450268082436,1308303029.1495988,105971969159.0,0
2313.7323288138286,2487.0917739274737,2194.0639368499114,65.20451341293703,1371547882.999726,110264228481.0,0
2312.564439628171,2487.0917739274737,2188.971909881325,67.02472177423292,1370226329.7949874,109411855270.0,0
2331.603597841501,2777.9984067779556,1858.5844841878782,144.684839475939,1397071114.3018522,108238331322.0,0
2122.091956876847,2777.9984067779556,1501.0190434828232,293.38661452046324,1174873594.6294234,100317442688.0,0
1758.2962495722577,2110.278678520303,1346.8077525519655,183.5989611174623,800080455.6245193,56853386536.5,0
1790.081780265343,2093.613936507786,1346.8077525519655,193.5867706429169,829918366.1583087,68385786040.8,0
1944.8447746785296,2099.8272191381643,1731.639621232082,75.41623128734008,969755854.2172074,79918811613.3,0
1978.0058069229483,2221.3010423785245,1757.346238571874,78.31866326347539,1003172041.020488,78949278903.2,0
2003.3999163699857,2221.3010423785245,1833.083895587823,78.64874595594779,1029067993.6388373,84265316415.7,0
1994.5018858143221,2213.48411643867,1812.6919070874021,75.25322382405035,1019827409.9744768,79496788967.2,0
1948.5585779088292,2150.575319905789,1673.7938005534966,92.6399692933695,974198450.0359055,79881872080.6,0
1929.2203811456816,2150.575319905789,1673.7938005534966,85.24558409813848,954664470.6908472,75427388638.2,0
1968.5711937159335,2173.4422636544987,1811.819542262382,75.40595633073322,993525402.3624518,80484860986.4,0
2062.7993514126715,2464.982380691713,1662.9384569636945,144.06849889207314,1094629605.5197577,82892617946.7,0
2096.434119056189,2464.982380691713,1662.9384569636945,144.82068227306084,1130498315.6625752,91586353237.2,0
1904.3697287253574,2330.2825750944157,1565.3742066502296,186.36076747382933,937306726.2307651,76631025197.9,0
1721.210382625583,2042.964986299392,1343.7075908557667,100.25150484509874,760989579.6433439,59728018589.3,0
1718.919476390801,1960.9670063790036,1343.7075908557667,93.54023298644887,758639089.024713,60025351377.4,0
1765.1478426964559,2033.1013015886565,1466.3772404127737,101.09460785365128,800247558.7361374,66560459725.3,0
1852.7397951218331,2237.5163337619024,1466.3772404127737,159.63135055455822,885280490.626039,65545591441.9,0
2017.0105943460576,2569.1639829993337,1619.8041365895504,191.90988975356925,1050921252.733303,91466153121.9,0
2008.3563207084987,2569.1639829993337,1580.3789517486468,206.90951357581315,1043534504.3809173,74127962082.5,0
2015.1133750095275,2366.461046169691,1580.3789517486468,188.93061102399687,1048672432.6205921,90823271629.0,0
2221.4225253075965,2536.814926819605,1844.120605204799,139.6065714741508,1268277255.8701427,100563855286.0,0
2207.70773200761,2536.814926819605,1832.5019426229308,155.80361309989863,1253951538.130219,101382410276.0,0
2136.8336432653928,2444.143933635727,1832.5019426229308,120.43780740134477,1172624200.8172789,91729466239.9,0
2247.4379012313448,2486.763019951625,1973.0337126122345,116.87471018999473,1296547025.3499255,104351935755.0,0
2311.510403022614,2561.1062251939047,1986.2887872023778,109.65907135826593,1370906996.5345092,112026519208.0,0
2297.9860885179696,2561.1062251939047,1986.2887872023778,119.41221740263202,1355519831.2159057,104267201763.0,0
2201.252335925312,2497.457387908106,1896.6783268999702,138.53695477166607,1245364309.569037,100965193455.0,0
2084.8865401116072,2351.3268074556854,1859.6546032027395,103.8637810841738,1115530129.9608707,87882088102.9,0
2097.162903194964,2295.4312396405116,1859.6546032027395,96.47934651124032,1128294529.7511334,90325390214.3,0
2116.0108194837817,2325.374091752531,1779.0300848760755,111.06394442051558,1149398268.9082026,94209993153.5,0
2055.7508141753647,2325.374091752531,1766.553061101226,124.59954650539508,1085858932.984838,83200966327.7,0
2041.5911418820333,2299.2594406517933,1765.8239999720706,102.868784306081,1069741152.6133237,87686148209.1,0
2046.7803821419766,2299.2594406517933,1765.8239999720706,95.90333604691713,1074817889.9420629,84145808571.8,0
2029.609443091456,2192.5618813636183,1820.0080939703992,84.92501918538605,1056390848.0946298,84465244767.9,0
1863.2337875380192,2199.702788216593,1193.2352222062505,247.32179100410926,904398903.1241605,76715103835.0,0
1639.9720502803336,2199.702788216593,1193.2352222062505,197.98618993470927,698548955.4190192,54014764620.2,0
1600.9733895445065,1836.6234679755423,1298.0950296159535,105.20713548641878,658991189.8590424,49593521390.8,0
1615.7578364447495,1836.6234679755423,1419.151229991429,88.96158967136225,670358412.9201851,53494666783.2,0
1630.6509626648894,1867.9157658233555,1422.8011013540067,92.10894268699275,682881694.5568888,55703326286.0,0
1654.5478920570622,1968.542192736367,1447.6182898155005,100.49444576528832,703392732.349476,57475163819.6,0
1647.5487315922198,1968.542192736367,1451.5616505753205,96.69491462460617,697284282.7482605,52756046573.8,0
1684.135770005555,1923.369154767791,1451.5616505753205,100.00002664458583,728656204.0681273,58161664406.9,0
1722.4340957512836,1923.369154767791,1477.5091378100428,96.10151511575931,761859767.1460062,64018062023.2,0
1721.300632605957,2013.2163770527054,1477.5091378100428,93.3782683770443,760728414.4165792,58796449978.6,0
1763.7732366433816,2013.2163770527054,1597.7886451468833,79.96024832316135,798026155.9325112,63841338046.1,0
1812.048031578697,2017.910427145442,1669.6274498800728,69.99963022397156,841835012.3468089,67656393904.9,0
1841.8749272873201,2017.910427145442,1695.5710061729228,70.4983555404484,869753156.0713158,69554434402.3,0
1875.6114167961668,2053.350954672225,1732.0177783264269,69.80116845894418,901834339.8231956,72046151188.7,0
1891.7156921535095,2053.350954672225,1494.1415496485536,76.63734637719385,917622154.9566897,73603137024.4,0
1850.0966826522404,2230.2556046255604,1485.3262864790827,127.88682276743886,880438470.297184,67956591451.5,0
1792.224173685676,2230.2556046255604,1485.3262864790827,129.44283111438415,826578671.4291742,68433156635.4,0
1795.8797093439753,2020.053983258865,1532.1530401247687,96.91937530625376,828051787.7102478,64207086745.3,0
1809.6589713061196,2033.9551627266374,1547.047035192165,99.33650645630686,840891733.4895787,69805280269.4,0
1786.687263048999,2033.9551627266374,1547.047035192165,94.21602373252995,819488776.9777899,63414432858.0,0
1777.232913439293,1997.3010123195534,1530.4126762393516,82.9087290481096,810350255.6068584,65065712730.6,0
1808.9768415689286,2021.3706214472772,1530.4126762393516,93.95499094783962,839993536.9361167,66686652341.0,0
1843.8286101839922,2041.609198084964,1594.9422112765549,88.14690676476744,872313298.1517386,70142462175.7,0
1849.8702084968695,2041.609198084964,1594.9422112765549,86.08720198538526,877934283.4252605,70662754175.4,0
1835.7332177473745,2013.7639312554613,1591.4266623562794,94.79406615576447,864999004.6001849,69319930298.9,0
1779.7652164296392,2001.221092552613,1553.6814959100625,101.3005884223096,813523464.9158521,63138303844.2,0
1819.824947118595,2122.3139565589036,1553.6814959100625,124.45718596042185,851776621.8988504,67221223917.2,0
1918.6288705845793,2189.0480836823954,1653.3440520077806,103.31131660510867,945103352.6219108,78134980495.5,0
1891.3478803837247,2189.0480836823954,1625.6282291365665,102.88740846957074,918472351.6041198,72140251526.9,0
1831.7113410766156,1994.2198987163088,1605.7857960693577,85.81828189943698,860807990.9214375,69603447668.5,0
1808.3204237058378,2003.6356542694084,1517.619897596349,91.38816859424148,839263885.3505716,65416728395.2,0
1864.1395448524402,2064.182908442827,1517.619897596349,108.03357636867858,892591999.0542516,72632202057.0,0
